"","ID","Description","GeneRatio","BgRatio","pvalue","neg_log10_FDR","qvalue","geneID","Count"
"hsa05230","hsa05230","Central carbon metabolism in cancer",0.0425867507886435,"71/8843",1.06310550094021e-13,10.4737365520092,2.07025808077831e-11,"207/5290/5728/7157/1956/2064/2263/3265/3845/5595/4916/4233/2475/2260/2261/3418/3815/5594/4609/4914/5156/5979/5894/2645/80201/160287/5315",27
"hsa01522","hsa01522","Endocrine resistance",0.0457413249211356,"99/8843",2.52968399973474e-11,8.39827663919891,2.46311336816277e-09,"207/2099/9611/4855/5290/5925/7157/595/1956/2064/2778/3265/3845/5595/1029/2475/369/673/5594/4851/5894/4853/108/112/1026/182/3714/5601/6714",29
"hsa05219","hsa05219","Bladder cancer",0.028391167192429,"41/8843",8.38542218769389e-11,8.05390923883,5.44316878850305e-09,"999/5925/7157/595/1956/2064/3265/3845/5595/1029/369/673/2261/5594/4609/5894/1026/6714",18
"hsa05224","hsa05224","Breast cancer",0.055205047318612,"148/8843",1.71827393032875e-10,7.86728050768536,8.36528097660048e-09,"207/672/2099/4855/5290/5728/5925/7157/595/1956/2064/3265/3845/5595/2475/324/369/673/675/1499/2260/3815/5594/4609/4851/5894/4853/2254/8312/1026/2324/10023/182/3714/89780",35
"hsa05213","hsa05213","Endometrial cancer",0.0331230283911672,"59/8843",2.59320329286704e-10,7.78544635731633,1.0099844403798e-08,"207/999/5290/5728/7157/595/1956/2064/3265/3845/5595/324/369/673/1499/5594/4292/4609/5894/8312/1026",21
"hsa04015","hsa04015","Rap1 signaling pathway",0.0662460567823344,"212/8843",9.7940548056424e-10,7.28750163784805,3.17877217376113e-08,"207/999/5290/1956/2263/2778/3265/3845/5595/4233/673/1499/2260/2261/3815/5594/5156/387/5894/9855/11069/9771/7010/64411/91860/2254/2775/3937/71/108/112/1268/9732/1943/2324/2903/3643/5587/26037/6714/7094/7409",42
"hsa05215","hsa05215","Prostate cancer",0.0410094637223975,"98/8843",2.92682548688198e-09,6.87901412916898,8.14229646726565e-08,"207/5290/5728/5925/7157/367/595/1956/2064/2263/3265/3845/5595/2475/369/673/1499/2260/5594/5156/5894/1387/7850/1026/2078/3320",26
"hsa05223","hsa05223","Non-small cell lung cancer",0.0347003154574132,"73/8843",3.64458128424636e-09,6.85593962302486,8.58660366497049e-08,"207/5290/5925/7157/238/595/1956/2064/3265/3845/5595/1029/4233/369/673/5594/5979/5894/6777/6257/1026/5915",22
"hsa04012","hsa04012","ErbB signaling pathway",0.0378548895899054,"86/8843",3.96840331543231e-09,6.85593962302486,8.58660366497049e-08,"2065/207/2066/5290/1956/2064/3265/3845/5595/2475/369/673/5594/4609/5894/3084/6777/25/815/1026/6416/5609/5601/6714",24
"hsa01521","hsa01521","EGFR tyrosine kinase inhibitor resistance",0.0362776025236593,"80/8843",4.45385110594172e-09,6.85157722308249,8.67328899578125e-08,"2065/207/4763/5290/5728/3716/1956/2064/2263/3265/3845/5595/4233/2475/369/673/2261/5594/5156/5894/3084/1977/6714",23
"hsa05210","hsa05210","Colorectal cancer",0.0378548895899054,"87/8843",5.1169045565823e-09,6.83269828620015,9.05863486093517e-08,"207/5290/7157/595/1956/3265/3845/5595/4089/2475/324/369/673/1499/5594/4292/4609/387/5894/8312/1026/5601/4437/7040",24
"hsa05218","hsa05218","Melanoma",0.0331230283911672,"73/8843",2.07926379869923e-08,6.26158457113887,3.37424388385402e-07,"207/999/5290/5728/5925/7157/595/1956/3265/3845/5595/1029/4233/369/673/2260/5594/5156/5894/2254/1026",21
"hsa05226","hsa05226","Gastric cancer",0.0488958990536278,"150/8843",5.81432755221227e-08,5.9109001092381,7.56590582596301e-07,"207/999/5290/5925/7157/595/1956/2064/2263/3265/3845/5595/4089/4233/2475/324/369/673/1499/5594/4292/4609/5894/2254/6257/8312/1026/10023/5915/7040/89780",31
"hsa05212","hsa05212","Pancreatic cancer",0.0331230283911672,"77/8843",5.82779232540394e-08,5.9109001092381,7.56590582596301e-07,"207/5290/5925/7157/3716/595/1956/2064/3845/5595/4089/1029/2475/369/673/675/5594/5894/1026/5601/7040",21
"hsa05220","hsa05220","Chronic myeloid leukemia",0.0331230283911672,"77/8843",5.82779232540394e-08,5.9109001092381,7.56590582596301e-07,"207/5290/5925/861/7157/595/3265/3845/5595/4089/1029/369/673/5594/4609/5781/5894/6777/25/1026/7040",21
"hsa05225","hsa05225","Hepatocellular carcinoma",0.0520504731861199,"170/8843",1.05992701169074e-07,5.70176080596652,1.2246168605868e-06,"207/57492/5290/5728/5925/7157/595/1956/3265/3845/5595/4089/8289/1029/4233/2475/324/369/673/1499/5594/4609/4780/5894/6604/71/196528/8312/1026/10023/6595/7040/89780",33
"hsa05216","hsa05216","Thyroid cancer",0.0220820189274448,"37/8843",1.06905742153929e-07,5.70176080596652,1.2246168605868e-06,"999/7157/595/3265/3845/5595/673/1499/5594/4609/4914/5979/6257/1026",14
"hsa04151","hsa04151","PI3K-Akt signaling pathway",0.0851735015772871,"362/8843",1.51655221033113e-07,5.5747280561281,1.640714379598e-06,"2065/207/672/2066/4602/5290/5728/5649/7157/3716/595/1956/2064/2263/3265/3845/5595/7248/4233/2475/2260/2261/3815/5594/4609/4914/5156/5979/6794/5894/1292/1293/3909/5518/57521/7010/7450/627/200186/2254/3679/1026/256076/131873/1943/1977/2324/3320/3560/3643/3655/8516/3915/7249",54
"hsa05214","hsa05214","Glioma",0.0315457413249211,"76/8843",2.29504292204028e-07,5.43404014943025,2.26840654179437e-06,"207/5290/5728/5925/7157/595/1956/3265/3845/5595/1029/2475/369/673/5594/5156/5894/91860/815/1026",20
"hsa04010","hsa04010","MAPK signaling pathway",0.0741324921135647,"300/8843",2.32971482670773e-07,5.43404014943025,2.26840654179437e-06,"2065/207/2066/4214/4763/7157/1956/2064/2263/3265/3845/5595/4233/369/673/2260/2261/3815/5594/4609/4914/5156/5979/5894/775/8913/7010/627/2254/774/777/8912/779/59283/1943/2324/3643/6416/5609/5601/100137049/5921/115727/27330/10454/57551/7040",47
"hsa04510","hsa04510","Focal adhesion",0.056782334384858,"203/8843",3.0049837899346e-07,5.34469007852582,2.78657644680652e-06,"207/5290/5728/5649/595/1956/2064/3265/5595/4233/673/1499/5594/5156/387/5894/1292/1293/3909/64098/7450/3679/4660/71/256076/131873/2317/2324/3655/8516/3915/5601/9475/6714/7094/7409",36
"hsa05165","hsa05165","Human papillomavirus infection",0.0772870662460568,"333/8843",8.85324394966226e-07,4.8956331669072,7.83660349611253e-06,"207/4855/5290/5728/5925/5649/7157/3716/472/595/1956/2778/3265/3845/5595/7248/2475/324/1499/5594/4851/5894/1292/1293/1387/3909/4853/5518/387332/23352/7450/23545/9636/3679/535/525/8312/841/1026/1108/256076/131873/3655/8516/182/3915/5315/7249/89780",49
"hsa05205","hsa05205","Proteoglycans in cancer",0.055205047318612,"204/8843",9.9113250248102e-07,4.86590903508987,8.39173972352351e-06,"2065/207/2066/2099/5290/7157/595/1956/2064/3265/3845/5595/4233/2475/369/673/1499/2260/5594/4609/5781/387/5894/4660/71/815/1026/3708/3710/9475/6608/6714/7040/7409/89780",35
"hsa04919","hsa04919","Thyroid hormone signaling pathway",0.0394321766561514,"122/8843",1.32551204176966e-06,4.75814048160699,1.07552512161135e-05,"207/2099/9611/4855/5290/7157/595/3265/3845/5595/2475/1499/5594/4609/4851/5894/1387/4853/25942/480/6257/71/9282/6714/7249",25
"hsa04912","hsa04912","GnRH signaling pathway",0.0331230283911672,"93/8843",1.80762789786705e-06,4.64114389069685,1.40804699412802e-05,"4214/1956/2778/3265/3845/5595/5594/5894/775/91860/108/112/779/815/3708/3710/6416/5609/5601/100137049/6714",21
"hsa04072","hsa04072","Phospholipase D signaling pathway",0.0441640378548896,"149/8843",1.93997366433027e-06,4.62749043104779,1.4530167121502e-05,"207/5290/1956/2778/3265/3845/5595/7248/2475/3815/5594/5156/5781/387/5894/11069/108/112/10555/56894/9265/8527/1608/2913/3643/100137049/5737/7249",28
"hsa04930","hsa04930","Type II diabetes mellitus",0.0220820189274448,"47/8843",3.05064934401063e-06,4.44728439088056,2.20027340601157e-05,"5290/5595/2475/5594/775/8913/2645/774/777/80201/3643/8471/5601/5315",14
"hsa04722","hsa04722","Neurotrophin signaling pathway",0.0378548895899054,"120/8843",3.3854753446632e-06,4.41785129340701,2.3545599201605e-05,"207/4214/5290/7157/3265/3845/5595/4916/673/5594/4914/5781/387/5894/57498/627/91860/25/396/815/3656/5609/5601/27330",24
"hsa04921","hsa04921","Oxytocin signaling pathway",0.0441640378548896,"154/8843",3.81051731846696e-06,4.38172697548306,2.55878658408852e-05,"595/1956/2778/3265/3845/5595/5594/387/5894/775/91860/2775/4660/71/108/112/779/59283/815/1026/3708/3710/3770/3765/100137049/9475/6262/6714",28
"hsa04014","hsa04014","Ras signaling pathway",0.0583596214511041,"238/8843",5.53983511524974e-06,4.23393733329392,3.59603332042527e-05,"207/4763/5290/1956/2263/3265/3845/5595/4233/2260/2261/3815/5594/4914/5156/5781/387/5894/51365/9771/7010/627/91860/2254/25/8315/1943/2324/2903/3643/5601/100137049/5868/5921/115727/5966/23179",37
"hsa04520","hsa04520","Adherens junction",0.0315457413249211,"93/8843",7.03036576476256e-06,4.14469669082111,4.41635879959618e-05,"999/1956/2064/5595/4089/4233/1499/2260/5594/387/1387/9855/5795/71/1457/3643/5797/55698/9475/6714",20
"hsa04020","hsa04020","Calcium signaling pathway",0.0599369085173502,"254/8843",1.03956547147812e-05,3.98861104945463,6.32630303366618e-05,"2065/2066/1956/2064/2263/2778/4916/4233/2260/2261/4914/5156/5979/775/8913/3973/6869/91860/2254/108/774/777/8912/779/815/1131/10800/2324/2903/3274/3708/3710/5255/5256/10105/5737/6262/6543",38
"hsa05161","hsa05161","Hepatitis B",0.0441640378548896,"163/8843",1.17579390102909e-05,3.94849565413331,6.93849670463738e-05,"207/4214/5290/5925/7157/3716/3265/3845/5595/4089/369/673/5594/4609/5894/317/1387/6777/841/1026/1654/64135/6416/5609/5601/6714/10454/7040",28
"hsa04730","hsa04730","Long-term depression",0.0236593059936909,"60/8843",1.47301482949049e-05,3.86358471532496,8.43677224321178e-05,"2778/3265/3845/5595/369/673/5594/5894/5518/5592/2775/2895/3708/3710/100137049",15
"hsa05221","hsa05221","Acute myeloid leukemia",0.0252365930599369,"68/8843",1.76060323892433e-05,3.79871946525349,9.79583756995493e-05,"207/5290/861/595/3265/3845/5595/2475/369/673/3815/5594/4609/5894/6777/7704",16
"hsa04068","hsa04068","FoxO signaling pathway",0.0378548895899054,"133/8843",2.1255255255423e-05,3.72914909335028,0.000114977257960621,"207/5290/5728/472/595/1956/3265/3845/5595/4089/369/673/5594/6794/5894/1387/6502/1026/2290/3643/8471/5601/10769/7040",24
"hsa04810","hsa04810","Regulation of actin cytoskeleton",0.0536277602523659,"230/8843",3.90067251437828e-05,3.47737515131844,0.00020529855338833,"207/5290/1956/2263/3265/3845/5595/324/369/673/2260/2261/5594/5156/387/5894/85464/2254/3679/4660/71/1131/26999/3655/8516/3687/4629/4627/10787/79837/9475/6714/7409/10092",34
"hsa04929","hsa04929","GnRH secretion",0.0236593059936909,"65/8843",4.10283135280104e-05,3.46701284837276,0.0002102559003513,"207/5290/3265/3845/5595/5594/5894/775/8913/8912/779/9568/3708/3710/3765",15
"hsa04360","hsa04360","Axon guidance",0.0457413249211356,"184/8843",4.40847498509779e-05,3.44708914357941,0.000220126281307177,"5290/3265/3845/5595/4233/5594/5781/387/5894/85464/3983/22885/2044/64221/25/84448/91653/815/1943/2043/55558/5365/5921/9475/6259/9037/80031/6608/6714",29
"hsa04935","hsa04935","Growth hormone synthesis, secretion and action",0.0347003154574132,"122/8843",4.70470287393295e-05,3.42984070799964,0.000229044745178314,"207/4214/5290/2778/3265/3845/5595/2475/5594/5894/775/1387/6777/108/112/779/2692/8471/3708/3710/6416/5601",22
"hsa05166","hsa05166","Human T-cell leukemia virus 1 infection",0.0520504731861199,"223/8843",4.95146820388778e-05,3.41836277955113,0.000235178849221884,"207/4214/5290/5728/5925/7157/3716/472/595/3265/3845/5595/4089/1029/5594/4609/1387/7850/6777/387332/200186/10524/108/112/51434/1026/2224/3560/3932/6416/5601/7040/7094",33
"hsa04720","hsa04720","Long-term potentiation",0.0236593059936909,"67/8843",5.9811824585864e-05,3.34677515682223,0.000277322996200122,"3265/3845/5595/369/673/5594/5894/775/1387/91860/815/2903/3708/3710/27330",15
"hsa01524","hsa01524","Platinum drug resistance",0.0252365930599369,"75/8843",6.3906109260144e-05,3.33182872893964,0.000287033318161759,"207/672/5290/7157/472/2064/5595/1029/5594/4292/317/7155/538/841/1026/4437",16
"hsa04024","hsa04024","cAMP signaling pathway",0.0520504731861199,"226/8843",6.48540145900622e-05,3.33182872893964,0.000287033318161759,"207/5290/2778/5595/673/5594/387/5894/775/1387/3352/3973/5142/11069/64411/480/627/91860/108/112/779/815/54714/1906/9568/2735/2903/3350/5601/5141/9475/6262/7409",33
"hsa04066","hsa04066","HIF-1 signaling pathway",0.0315457413249211,"109/8843",8.00858662118241e-05,3.24996955387205,0.000346570415185671,"207/5290/1956/2064/5595/2475/5594/226/1387/7010/229/405/815/1026/1906/1977/80201/3643/160287/5054",20
"hsa04934","hsa04934","Cushing syndrome",0.0394321766561514,"155/8843",0.000100066160121626,3.16364095544885,0.000422785500849085,"5925/595/1956/2778/5595/1029/324/673/1499/5594/775/8913/4297/108/112/405/8312/8912/779/815/1026/3708/3710/3739/89780",25
"hsa05211","hsa05211","Renal cell carcinoma",0.0236593059936909,"70/8843",0.000102039851961685,3.16364095544885,0.000422785500849085,"207/5290/3265/3845/5595/4233/369/673/5594/5781/5894/1387/405/1026/7040",15
"hsa04910","hsa04910","Insulin signaling pathway",0.0362776025236593,"138/8843",0.000113148966025157,3.12790356510648,0.000459047340233641,"207/5290/3265/3845/5595/7248/2475/369/673/5594/5894/57521/91860/2645/89801/1977/80201/3643/8471/5601/5255/5256/7249",23
"hsa04915","hsa04915","Estrogen signaling pathway",0.0362776025236593,"139/8843",0.000126655722139023,3.08788418198655,0.000503357864569692,"207/2099/5290/1956/2778/3265/3845/5595/5594/5894/91860/2775/9687/3882/108/112/9568/3320/3708/3710/3765/3860/6714",23
"hsa05163","hsa05163","Human cytomegalovirus infection",0.0504731861198738,"226/8843",0.000150702248295178,3.02116319020653,0.000586945598623327,"207/5290/5925/7157/3716/595/1956/2778/3265/3845/5595/7248/1029/2475/1499/5594/4609/5156/387/5894/11214/91860/2775/108/112/841/1026/3708/3710/9475/6714/7249",32
"hsa04928","hsa04928","Parathyroid hormone synthesis, secretion and action",0.0315457413249211,"115/8843",0.000172588348144211,2.97087162137895,0.000659006076505243,"2625/1956/2778/5595/369/673/2260/5594/387/5894/5142/11214/6257/108/112/1026/3708/3710/5141/5745",20
"hsa04211","hsa04211","Longevity regulating pathway",0.026813880126183,"90/8843",0.000187797050075885,2.94262749494907,0.000703288547855033,"207/5290/9821/7157/3265/3845/7248/2475/6794/57521/8408/108/112/1977/3643/8471/7249",17
"hsa04270","hsa04270","Vascular smooth muscle contraction",0.0347003154574132,"134/8843",0.000198333498147541,2.92719271507667,0.000728732813451741,"2778/5595/369/673/5594/387/5894/775/5592/91860/4660/108/112/779/800/1906/3708/3710/4629/4627/100137049/9475",22
"hsa04310","hsa04310","Wnt signaling pathway",0.0410094637223975,"174/8843",0.000262069354617839,2.81429043801491,0.000945084417237821,"7157/595/4089/324/1499/4609/387/1387/55366/4163/4920/8312/815/57680/1457/1501/10023/5601/64840/29964/54894/9475/6259/59343/6422/89780",26
"hsa04110","hsa04110","Cell cycle",0.0378548895899054,"158/8843",0.000348718847352494,2.69820018637114,0.00123469831120022,"5591/5925/7157/472/595/4089/1029/4609/546/1387/23244/5518/6502/23595/5885/25/51434/1026/81620/80174/51343/25836/27127/7040",24
"hsa04917","hsa04917","Prolactin signaling pathway",0.0220820189274448,"71/8843",0.000431212246061934,2.61380985843916,0.00149951626920034,"207/2099/5290/595/3265/3845/5595/5594/5894/3973/6777/2645/5601/6714",14
"hsa04713","hsa04713","Circadian entrainment",0.026813880126183,"97/8843",0.00047412665736026,2.58029339921794,0.00161982329846072,"2778/5595/5594/775/8913/5592/91860/2775/108/112/8912/815/2903/3708/3710/3765/6262",17
"hsa04726","hsa04726","Serotonergic synapse",0.0299684542586751,"115/8843",0.000488907003629738,2.5745146523349,0.00164152079258623,"2778/3265/3845/5595/369/673/5594/5894/775/3352/2775/774/779/3350/3708/3710/3765/100137049/6532",19
"hsa04550","hsa04550","Signaling pathways regulating pluripotency of stem cells",0.0347003154574132,"144/8843",0.000559990054134794,2.52298461536171,0.00184831686021297,"207/5290/6926/3716/2263/3265/3845/5595/4089/324/1499/2260/2261/5594/4609/5894/9869/8312/2103/3977/89780/463",22
"hsa05207","hsa05207","Chemical carcinogenesis - receptor activation",0.0457413249211356,"215/8843",0.000686912626630007,2.44156266823939,0.00222945326186932,"207/2099/5290/5925/367/595/1956/2778/3265/3845/5595/2475/5594/4609/5894/775/4853/6777/2254/6257/108/112/405/774/779/3320/182/27330/6714",29
"hsa04218","hsa04218","Cellular senescence",0.0362776025236593,"157/8843",0.000773356459625644,2.39726303497419,0.00246886876670827,"207/5290/5728/5925/7157/472/595/3265/3845/5595/7248/1029/2475/5594/4609/5894/91860/1026/3708/3710/5054/7040/7249",23
"hsa04150","hsa04150","mTOR signaling pathway",0.0362776025236593,"158/8843",0.000845702126901812,2.36548718405664,0.0026562800250736,"207/5290/5728/3265/3845/5595/7248/2475/673/5594/387/6794/5894/57521/6502/8408/525/1977/3643/253260/27330/7249/89780",23
"hsa05160","hsa05160","Hepatitis C",0.0362776025236593,"159/8843",0.000923837848547366,2.33405771602732,0.00285563913084816,"207/5290/5925/7157/3716/595/1956/3265/3845/5595/369/673/1499/5594/4609/5894/317/9075/5518/51208/841/1026/6041",23
"hsa04371","hsa04371","Apelin signaling pathway",0.0331230283911672,"140/8843",0.000946767260607699,2.33024965983473,0.00288078853967803,"207/999/595/3265/3845/5595/4089/2475/5594/5894/91860/108/112/3708/3710/182/30849/5346/6262/5054/6543",21
"hsa04664","hsa04664","Fc epsilon RI signaling pathway",0.0205047318611987,"69/8843",0.00107374409164238,2.28232548691663,0.00321688513285571,"207/5290/3265/3845/5595/5594/5894/3937/6416/5609/5601/100137049/7409",13
"hsa04725","hsa04725","Cholinergic synapse",0.028391167192429,"115/8843",0.00130493946759961,2.20426648645774,0.00385029986452834,"207/5290/3265/3845/5595/5594/775/2775/108/112/774/779/815/1131/3708/3710/3770/6572",18
"hsa05203","hsa05203","Viral carcinogenesis",0.0425867507886435,"205/8843",0.00148827463307969,2.15370464060259,0.00432570003330311,"5290/5925/7157/3716/595/3265/3845/5595/1029/5594/387/1387/9734/6502/6672/6777/387332/23352/841/1026/1108/1654/11036/79885/5315/5966/6714",27
"hsa05206","hsa05206","MicroRNAs in cancer",0.0583596214511041,"312/8843",0.00159716432436601,2.12947222923171,0.00457392260073859,"2065/672/4855/5290/5728/7157/472/595/1956/2064/3265/3845/5595/1029/4233/2475/324/2261/5594/4609/4851/5156/387/5894/1387/1788/4853/57521/25/1026/1786/1943/6624/10642/9493/89780/23414",37
"hsa05167","hsa05167","Kaposi sarcoma-associated herpesvirus infection",0.0410094637223975,"196/8843",0.00162962101087013,2.12707539268754,0.00459923549978601,"207/5290/5925/7157/3716/595/3265/3845/5595/2475/1499/5594/4609/5894/1387/91860/841/131450/1026/3708/3710/6416/5609/5601/57580/6714",26
"hsa05231","hsa05231","Choline metabolism in cancer",0.0252365930599369,"99/8843",0.00168949741318343,2.1207179631961,0.00466705670156343,"207/5290/1956/3265/3845/5595/7248/2475/5594/5156/5894/8527/1608/5601/100137049/7249",16
"hsa05235","hsa05235","PD-L1 expression and PD-1 checkpoint pathway in cancer",0.0236593059936909,"90/8843",0.0017015836460565,2.1207179631961,0.00466705670156343,"207/5290/5728/3716/238/1956/3265/3845/5595/2475/5594/5781/5894/1457/3932",15
"hsa05022","hsa05022","Pathways of neurodegeneration - multiple diseases",0.082018927444795,"483/8843",0.00185669379193797,2.08890512850982,0.00502175952497843,"9821/3265/3845/5595/2475/324/369/673/1499/5594/5894/317/775/146754/56171/4720/84617/627/91860/4707/9246/8408/55860/11273/8312/774/779/815/841/1131/1457/25981/55567/1767/10023/2861/2903/3708/3710/5609/5601/126328/10133/30849/10105/10213/5868/6262/51465/89780/8701/4724",52
"hsa04916","hsa04916","Melanogenesis",0.0252365930599369,"101/8843",0.00209118417766574,2.0432434932155,0.00557850141122079,"2778/3265/3845/5595/1499/3815/5594/5894/1387/91860/2775/108/112/815/1906/89780",16
"hsa04540","hsa04540","Gap junction",0.0236593059936909,"92/8843",0.00213098836942127,2.04096355769867,0.00560786413005597,"1956/2778/3265/3845/5595/5594/5156/5894/5592/84617/108/112/3708/3710/6714",15
"hsa04926","hsa04926","Relaxin signaling pathway",0.0299684542586751,"130/8843",0.00221269543648757,2.03045254061716,0.00574524429123088,"207/5290/1956/2778/3265/3845/5595/5594/5894/2775/108/112/1906/6416/5609/5601/51289/6714/7040",19
"hsa05222","hsa05222","Small cell lung cancer",0.0236593059936909,"93/8843",0.00237733143024503,2.00503677753763,0.00609150020215139,"207/5290/5728/5925/7157/595/4609/317/3909/6502/6257/1026/3655/3915/5915",15
"hsa04971","hsa04971","Gastric acid secretion",0.0205047318611987,"76/8843",0.00267233688842656,1.95991243592045,0.00675847333368303,"2778/3758/480/91860/54207/71/108/112/815/1131/3274/3708/3710",13
"hsa04911","hsa04911","Insulin secretion",0.0220820189274448,"86/8843",0.00300267348033917,1.91489941178147,0.00749655322351884,"2778/775/11069/480/2645/9699/108/112/779/815/1131/3710/27445/6262",14
"hsa05208","hsa05208","Chemical carcinogenesis - reactive oxygen species",0.0441640378548896,"226/8843",0.00305828693674218,1.91246177900262,0.00753874861155633,"207/5290/5728/1956/3265/3845/5595/4233/369/673/5594/4780/5781/5894/4720/5795/4707/25/1109/405/6416/5609/5601/126328/10105/5587/6714/4724",28
"hsa05414","hsa05414","Dilated cardiomyopathy",0.0252365930599369,"105/8843",0.00313562295413666,1.90707906936068,0.00763276640151687,"2778/775/8082/7273/3679/4000/71/108/112/779/59283/3655/8516/6262/6543/7040",16
"hsa04611","hsa04611","Platelet activation",0.028391167192429,"125/8843",0.00336749144323026,1.88149143540274,0.00809598332680439,"207/5290/2778/5595/5594/387/5592/7450/3937/71/108/112/3708/3710/100137049/9475/6714/7094",18
"hsa04724","hsa04724","Glutamatergic synapse",0.026813880126183,"116/8843",0.00358999449163566,1.85903298755303,0.00852566085946851,"2778/5595/5594/775/2898/22941/9229/2775/108/112/2899/2903/2913/3708/3710/100137049/50944",17
"hsa04210","hsa04210","Apoptosis",0.0299684542586751,"136/8843",0.0037153639062296,1.84938965203056,0.00871708716109672,"207/5290/7157/472/3265/3845/5595/5594/4914/5894/317/4000/71/841/3708/3710/5601/10039/143",19
"hsa04070","hsa04070","Phosphatidylinositol signaling system",0.0236593059936909,"98/8843",0.0039894412361935,1.82368013107281,0.0092487046202481,"5290/5728/91860/8527/1608/3631/64768/3708/3710/55613/4952/55361/5298/79837/8867",15
"hsa05135","hsa05135","Yersinia infection",0.0299684542586751,"138/8843",0.00437417841572557,1.78883534985727,0.0100213375468635,"207/5290/5595/5594/387/9844/3937/71/64283/3932/6416/5609/5601/9475/27330/6714/10454/7409/10092",19
"hsa04914","hsa04914","Progesterone-mediated oocyte maturation",0.0252365930599369,"111/8843",0.00547997374566697,1.69603289082314,0.0124087532796621,"207/5290/3845/5595/369/673/5594/5894/108/112/51434/51343/3320/3835/5601/27330",16
"hsa04660","hsa04660","T cell receptor signaling pathway",0.026813880126183,"122/8843",0.0060426551433021,1.65860436040087,0.0135256043739974,"207/5290/3265/3845/5595/5594/5781/387/5894/5518/5788/3937/3702/3932/5609/5601/7409",17
"hsa05417","hsa05417","Lipid and atherosclerosis",0.0410094637223975,"216/8843",0.00619638708866385,1.65265704919546,0.0137121006148662,"207/5290/7157/3265/3845/5595/5594/4780/387/19/317/338/91860/6257/815/841/3320/3708/6416/5609/5601/9475/6401/6714/10454/7409",26
"hsa04625","hsa04625","C-type lectin receptor signaling pathway",0.0236593059936909,"105/8843",0.0076450905288954,1.57117279436925,0.0165420087467327,"207/5290/3265/3845/5595/5594/5781/387/5894/91860/841/3708/3710/5601/6714",15
"hsa04974","hsa04974","Protein digestion and absorption",0.0236593059936909,"105/8843",0.0076450905288954,1.57117279436925,0.0165420087467327,"1310/1292/1293/480/57642/1303/80781/169044/340267/256076/131873/2006/5644/285641/6543",15
"hsa05412","hsa05412","Arrhythmogenic right ventricular cardiomyopathy",0.0205047318611987,"86/8843",0.0078930042091713,1.56211197529725,0.0168907551034898,"1499/775/8082/3679/4000/71/779/59283/1000/3655/8516/6262/6543",13
"hsa04820","hsa04820","Cytoskeleton in muscle cells",0.0425867507886435,"232/8843",0.00833472497462529,1.54320947097383,0.0176421524062435,"1292/1293/2201/8082/23345/7273/480/3679/4000/57731/71/270/256076/131873/2006/3655/8516/4629/4626/4627/4703/4811/9124/171024/7094/84675/129446",27
"hsa05010","hsa05010","Alzheimer disease",0.0646687697160883,"391/8843",0.0085147667431037,1.53862311070919,0.0178294493205907,"207/5290/9821/3265/3845/5595/2475/324/369/673/1499/5594/5894/6868/317/775/4720/84617/91860/4707/8408/8312/779/841/1131/1457/10023/2903/3643/8471/3708/3710/5609/5601/8883/126328/30849/10105/10213/89780/4724",41
"hsa04140","hsa04140","Autophagy - animal",0.0331230283911672,"169/8843",0.00926952356446711,1.50638335815722,0.0192033802847303,"207/5290/5728/9821/3265/3845/5595/7248/2475/5594/6794/5894/57521/8408/8471/3708/5601/10133/30849/7249/27072",21
"hsa04723","hsa04723","Retrograde endocannabinoid signaling",0.0299684542586751,"149/8843",0.00994152893461591,1.48058334181393,0.0203787573728969,"5595/5594/775/4720/2775/4707/108/112/774/779/1268/2556/2567/3708/3710/3765/5601/126328/4724",19
"hsa04750","hsa04750","Inflammatory mediator regulation of TRP channels",0.0220820189274448,"99/8843",0.0106688406401863,1.4589674235004,0.0214187251050946,"5290/2778/4914/79054/91860/108/112/815/2150/3708/3710/5601/100137049/6714",14
"hsa05410","hsa05410","Hypertrophic cardiomyopathy",0.0220820189274448,"99/8843",0.0106688406401863,1.4589674235004,0.0214187251050946,"775/8082/7273/3679/4000/71/779/59283/1906/3655/8516/6262/6543/7040",14
"hsa04213","hsa04213","Longevity regulating pathway - multiple species",0.0157728706624606,"62/8843",0.0120633375438899,1.41448063200555,0.0237290531166361,"207/5290/3265/3845/2475/57521/108/112/3643/8471",10
"hsa04330","hsa04330","Notch signaling pathway",0.0157728706624606,"62/8843",0.0120633375438899,1.41448063200555,0.0237290531166361,"9612/4855/4851/6868/9541/1387/4853/83737/182/3714",10
"hsa04933","hsa04933","AGE-RAGE signaling pathway in diabetic complications",0.0220820189274448,"101/8843",0.0126294867066629,1.40227096429172,0.0244056329959469,"207/5290/595/3265/3845/5595/4089/5594/6777/1906/5601/6401/5054/7040",14
"hsa05132","hsa05132","Salmonella infection",0.0441640378548896,"251/8843",0.0126579485727627,1.40227096429172,0.0244056329959469,"207/5290/3265/5595/1499/5594/4609/387/5894/9844/5788/84617/71/55860/79026/841/26999/9265/3320/6416/5609/5601/10787/5868/9475/10454/27072/10092",28
"hsa00310","hsa00310","Lysine degradation",0.0157728706624606,"63/8843",0.0134494922070315,1.38020720152236,0.0256775651011436,"4297/9869/64754/58508/5352/11105/501/223/7799/83852",10
"hsa00562","hsa00562","Inositol phosphate metabolism",0.0173501577287066,"73/8843",0.0142650422875533,1.35887707866123,0.0269701872580211,"5290/5728/3631/51763/64768/55613/4952/55361/5298/79837/8867",11
"hsa04148","hsa04148","Efferocytosis",0.0299684542586751,"156/8843",0.0157692140935872,1.31953620718936,0.0295273745679518,"5595/5594/5781/19/6868/23250/1788/9844/23355/203859/384/405/286410/682/815/5868/55576/7040/27072",19
"hsa04927","hsa04927","Cortisol synthesis and secretion",0.0157728706624606,"65/8843",0.0165755567537574,1.30203409168098,0.0307416340796503,"2778/775/8913/108/112/8912/779/3708/3710/3739",10
